titulo,artista,duracao,album,genero
During sell,Ed Sheeran,3.53,Divide,Pop
Shoulder great just,The Weeknd,4.12,After Hours,R&B
Require,Queen,5.55,A Night at the Opera,Rock
Meet at any,Taylor Swift,3.07,1989,Pop
Activity ago,Coldplay,4.54,Parachutes,Alternative
Golden Dream 1,Ariana Vale,2.0,First Light,Pop
Silent Dream 2,Ruby Moon,2.62,Golden Hour,Electronic
Broken Dream 3,Mason Reed,3.23,Neon Days,Alternative
Midnight Dream 4,The North Lights,3.85,Wild Heart,Lo-Fi
Electric Dream 5,The Quiet Sons,4.47,Open Roads,Indie
Wild Dream 6,Clara West,5.08,Winter Notes,Folk
Hidden Dream 7,Maya Stone,5.7,Midnight Radio,Jazz
Bright Dream 8,Ethan Ray,6.32,Hidden Places,Rock
Velvet Dream 9,Violet Storm,2.6,Signal Lost,R&B
Crystal Dream 10,Liam Archer,3.22,Endless Route,Hip-Hop
Falling Dream 11,Luna Vale,3.83,Northbound,Pop
Burning Dream 12,Daniel Cruz,4.45,After Rain,Electronic
Distant Dream 13,Nova Echo,5.07,Lunar Tide,Alternative
Open Dream 14,Noah Carter,5.68,Quiet Storm,Lo-Fi
Shadow Dream 15,Mila Harper,6.3,Velvet Noise,Indie
Rapid Dream 16,Sofia Lane,2.58,Blue Horizon,Folk
Endless Dream 17,Indie Harbor,3.2,Summer Glass,Jazz
Blue Dream 18,The Daybreaks,3.82,Paper Trails,Rock
Paper Dream 19,Atlas Bloom,4.43,Crystal Frames,R&B
Northern Dream 20,Olivia Fox,5.05,City Echoes,Hip-Hop
Neon Dream 21,Ariana Vale,5.67,First Light,Pop
Lunar Dream 22,Ruby Moon,6.28,Golden Hour,Electronic
Autumn Dream 23,Mason Reed,2.57,Neon Days,Alternative
Winter Dream 24,The North Lights,3.18,Wild Heart,Lo-Fi
Summer Dream 25,The Quiet Sons,3.8,Open Roads,Indie
Empty Dream 26,Clara West,4.42,Winter Notes,Folk
Gentle Dream 27,Maya Stone,5.03,Midnight Radio,Jazz
Rising Dream 28,Ethan Ray,5.65,Hidden Places,Rock
Shining Dream 29,Violet Storm,6.27,Signal Lost,R&B
Urban Dream 30,Liam Archer,2.55,Endless Route,Hip-Hop
Golden Road 31,Luna Vale,3.17,Northbound,Pop
Silent Road 32,Daniel Cruz,3.78,After Rain,Electronic
Broken Road 33,Nova Echo,4.4,Lunar Tide,Alternative
Midnight Road 34,Noah Carter,5.02,Quiet Storm,Lo-Fi
Electric Road 35,Mila Harper,5.63,Velvet Noise,Indie
Wild Road 36,Sofia Lane,6.25,Blue Horizon,Folk
Hidden Road 37,Indie Harbor,2.53,Summer Glass,Jazz
Bright Road 38,The Daybreaks,3.15,Paper Trails,Rock
Velvet Road 39,Atlas Bloom,3.77,Crystal Frames,R&B
Crystal Road 40,Olivia Fox,4.38,City Echoes,Hip-Hop
Falling Road 41,Ariana Vale,5.0,First Light,Pop
Burning Road 42,Ruby Moon,5.62,Golden Hour,Electronic
Distant Road 43,Mason Reed,6.23,Neon Days,Alternative
Open Road 44,The North Lights,2.52,Wild Heart,Lo-Fi
Shadow Road 45,The Quiet Sons,3.13,Open Roads,Indie
Rapid Road 46,Clara West,3.75,Winter Notes,Folk
Endless Road 47,Maya Stone,4.37,Midnight Radio,Jazz
Blue Road 48,Ethan Ray,4.98,Hidden Places,Rock
Paper Road 49,Violet Storm,5.6,Signal Lost,R&B
Northern Road 50,Liam Archer,6.22,Endless Route,Hip-Hop
Neon Road 51,Luna Vale,2.5,Northbound,Pop
Lunar Road 52,Daniel Cruz,3.12,After Rain,Electronic
Autumn Road 53,Nova Echo,3.73,Lunar Tide,Alternative
Winter Road 54,Noah Carter,4.35,Quiet Storm,Lo-Fi
Summer Road 55,Mila Harper,4.97,Velvet Noise,Indie
Empty Road 56,Sofia Lane,5.58,Blue Horizon,Folk
Gentle Road 57,Indie Harbor,6.2,Summer Glass,Jazz
Rising Road 58,The Daybreaks,2.48,Paper Trails,Rock
Shining Road 59,Atlas Bloom,3.1,Crystal Frames,R&B
Urban Road 60,Olivia Fox,3.72,City Echoes,Hip-Hop
Golden Sky 61,Ariana Vale,4.33,First Light,Pop
Silent Sky 62,Ruby Moon,4.95,Golden Hour,Electronic
Broken Sky 63,Mason Reed,5.57,Neon Days,Alternative
Midnight Sky 64,The North Lights,6.18,Wild Heart,Lo-Fi
Electric Sky 65,The Quiet Sons,2.47,Open Roads,Indie
Wild Sky 66,Clara West,3.08,Winter Notes,Folk
Hidden Sky 67,Maya Stone,3.7,Midnight Radio,Jazz
Bright Sky 68,Ethan Ray,4.32,Hidden Places,Rock
Velvet Sky 69,Violet Storm,4.93,Signal Lost,R&B
Crystal Sky 70,Liam Archer,5.55,Endless Route,Hip-Hop
Falling Sky 71,Luna Vale,6.17,Northbound,Pop
Burning Sky 72,Daniel Cruz,2.45,After Rain,Electronic
Distant Sky 73,Nova Echo,3.07,Lunar Tide,Alternative
Open Sky 74,Noah Carter,3.68,Quiet Storm,Lo-Fi
Shadow Sky 75,Mila Harper,4.3,Velvet Noise,Indie
Rapid Sky 76,Sofia Lane,4.92,Blue Horizon,Folk
Endless Sky 77,Indie Harbor,5.53,Summer Glass,Jazz
Blue Sky 78,The Daybreaks,6.15,Paper Trails,Rock
Paper Sky 79,Atlas Bloom,2.43,Crystal Frames,R&B
Northern Sky 80,Olivia Fox,3.05,City Echoes,Hip-Hop
Neon Sky 81,Ariana Vale,3.67,First Light,Pop
Lunar Sky 82,Ruby Moon,4.28,Golden Hour,Electronic
Autumn Sky 83,Mason Reed,4.9,Neon Days,Alternative
Winter Sky 84,The North Lights,5.52,Wild Heart,Lo-Fi
Summer Sky 85,The Quiet Sons,6.13,Open Roads,Indie
Empty Sky 86,Clara West,2.42,Winter Notes,Folk
Gentle Sky 87,Maya Stone,3.03,Midnight Radio,Jazz
Rising Sky 88,Ethan Ray,3.65,Hidden Places,Rock
Shining Sky 89,Violet Storm,4.27,Signal Lost,R&B
Urban Sky 90,Liam Archer,4.88,Endless Route,Hip-Hop
Golden Heart 91,Luna Vale,5.5,Northbound,Pop
Silent Heart 92,Daniel Cruz,6.12,After Rain,Electronic
Broken Heart 93,Nova Echo,2.4,Lunar Tide,Alternative
Midnight Heart 94,Noah Carter,3.02,Quiet Storm,Lo-Fi
Electric Heart 95,Mila Harper,3.63,Velvet Noise,Indie
Wild Heart 96,Sofia Lane,4.25,Blue Horizon,Folk
Hidden Heart 97,Indie Harbor,4.87,Summer Glass,Jazz
Bright Heart 98,The Daybreaks,5.48,Paper Trails,Rock
Velvet Heart 99,Atlas Bloom,6.1,Crystal Frames,R&B
Crystal Heart 100,Olivia Fox,2.38,City Echoes,Hip-Hop
Falling Heart 101,Ariana Vale,3.0,First Light,Pop
Burning Heart 102,Ruby Moon,3.62,Golden Hour,Electronic
Distant Heart 103,Mason Reed,4.23,Neon Days,Alternative
Open Heart 104,The North Lights,4.85,Wild Heart,Lo-Fi
Shadow Heart 105,The Quiet Sons,5.47,Open Roads,Indie
Rapid Heart 106,Clara West,6.08,Winter Notes,Folk
Endless Heart 107,Maya Stone,2.37,Midnight Radio,Jazz
Blue Heart 108,Ethan Ray,2.98,Hidden Places,Rock
Paper Heart 109,Violet Storm,3.6,Signal Lost,R&B
Northern Heart 110,Liam Archer,4.22,Endless Route,Hip-Hop
Neon Heart 111,Luna Vale,4.83,Northbound,Pop
Lunar Heart 112,Daniel Cruz,5.45,After Rain,Electronic
Autumn Heart 113,Nova Echo,6.07,Lunar Tide,Alternative
Winter Heart 114,Noah Carter,2.35,Quiet Storm,Lo-Fi
Summer Heart 115,Mila Harper,2.97,Velvet Noise,Indie
Empty Heart 116,Sofia Lane,3.58,Blue Horizon,Folk
Gentle Heart 117,Indie Harbor,4.2,Summer Glass,Jazz
Rising Heart 118,The Daybreaks,4.82,Paper Trails,Rock
Shining Heart 119,Atlas Bloom,5.43,Crystal Frames,R&B
Urban Heart 120,Olivia Fox,6.05,City Echoes,Hip-Hop
Golden Echo 121,Ariana Vale,2.33,First Light,Pop
Silent Echo 122,Ruby Moon,2.95,Golden Hour,Electronic
Broken Echo 123,Mason Reed,3.57,Neon Days,Alternative
Midnight Echo 124,The North Lights,4.18,Wild Heart,Lo-Fi
Electric Echo 125,The Quiet Sons,4.8,Open Roads,Indie
Wild Echo 126,Clara West,5.42,Winter Notes,Folk
Hidden Echo 127,Maya Stone,6.03,Midnight Radio,Jazz
Bright Echo 128,Ethan Ray,2.32,Hidden Places,Rock
Velvet Echo 129,Violet Storm,2.93,Signal Lost,R&B
Crystal Echo 130,Liam Archer,3.55,Endless Route,Hip-Hop
Falling Echo 131,Luna Vale,4.17,Northbound,Pop
Burning Echo 132,Daniel Cruz,4.78,After Rain,Electronic
Distant Echo 133,Nova Echo,5.4,Lunar Tide,Alternative
Open Echo 134,Noah Carter,6.02,Quiet Storm,Lo-Fi
Shadow Echo 135,Mila Harper,2.3,Velvet Noise,Indie
Rapid Echo 136,Sofia Lane,2.92,Blue Horizon,Folk
Endless Echo 137,Indie Harbor,3.53,Summer Glass,Jazz
Blue Echo 138,The Daybreaks,4.15,Paper Trails,Rock
Paper Echo 139,Atlas Bloom,4.77,Crystal Frames,R&B
Northern Echo 140,Olivia Fox,5.38,City Echoes,Hip-Hop
Neon Echo 141,Ariana Vale,6.0,First Light,Pop
Lunar Echo 142,Ruby Moon,2.28,Golden Hour,Electronic
Autumn Echo 143,Mason Reed,2.9,Neon Days,Alternative
Winter Echo 144,The North Lights,3.52,Wild Heart,Lo-Fi
Summer Echo 145,The Quiet Sons,4.13,Open Roads,Indie
Empty Echo 146,Clara West,4.75,Winter Notes,Folk
Gentle Echo 147,Maya Stone,5.37,Midnight Radio,Jazz
Rising Echo 148,Ethan Ray,5.98,Hidden Places,Rock
Shining Echo 149,Violet Storm,2.27,Signal Lost,R&B
Urban Echo 150,Liam Archer,2.88,Endless Route,Hip-Hop
Golden River 151,Luna Vale,3.5,Northbound,Pop
Silent River 152,Daniel Cruz,4.12,After Rain,Electronic
Broken River 153,Nova Echo,4.73,Lunar Tide,Alternative
Midnight River 154,Noah Carter,5.35,Quiet Storm,Lo-Fi
Electric River 155,Mila Harper,5.97,Velvet Noise,Indie
Wild River 156,Sofia Lane,2.25,Blue Horizon,Folk
Hidden River 157,Indie Harbor,2.87,Summer Glass,Jazz
Bright River 158,The Daybreaks,3.48,Paper Trails,Rock
Velvet River 159,Atlas Bloom,4.1,Crystal Frames,R&B
Crystal River 160,Olivia Fox,4.72,City Echoes,Hip-Hop
Falling River 161,Ariana Vale,5.33,First Light,Pop
Burning River 162,Ruby Moon,5.95,Golden Hour,Electronic
Distant River 163,Mason Reed,2.23,Neon Days,Alternative
Open River 164,The North Lights,2.85,Wild Heart,Lo-Fi
Shadow River 165,The Quiet Sons,3.47,Open Roads,Indie
Rapid River 166,Clara West,4.08,Winter Notes,Folk
Endless River 167,Maya Stone,4.7,Midnight Radio,Jazz
Blue River 168,Ethan Ray,5.32,Hidden Places,Rock
Paper River 169,Violet Storm,5.93,Signal Lost,R&B
Northern River 170,Liam Archer,2.22,Endless Route,Hip-Hop
Neon River 171,Luna Vale,2.83,Northbound,Pop
Lunar River 172,Daniel Cruz,3.45,After Rain,Electronic
Autumn River 173,Nova Echo,4.07,Lunar Tide,Alternative
Winter River 174,Noah Carter,4.68,Quiet Storm,Lo-Fi
Summer River 175,Mila Harper,5.3,Velvet Noise,Indie
Empty River 176,Sofia Lane,5.92,Blue Horizon,Folk
Gentle River 177,Indie Harbor,2.2,Summer Glass,Jazz
Rising River 178,The Daybreaks,2.82,Paper Trails,Rock
Shining River 179,Atlas Bloom,3.43,Crystal Frames,R&B
Urban River 180,Olivia Fox,4.05,City Echoes,Hip-Hop
Golden Light 181,Ariana Vale,4.67,First Light,Pop
Silent Light 182,Ruby Moon,5.28,Golden Hour,Electronic
Broken Light 183,Mason Reed,5.9,Neon Days,Alternative
Midnight Light 184,The North Lights,2.18,Wild Heart,Lo-Fi
Electric Light 185,The Quiet Sons,2.8,Open Roads,Indie
Wild Light 186,Clara West,3.42,Winter Notes,Folk
Hidden Light 187,Maya Stone,4.03,Midnight Radio,Jazz
Bright Light 188,Ethan Ray,4.65,Hidden Places,Rock
Velvet Light 189,Violet Storm,5.27,Signal Lost,R&B
Crystal Light 190,Liam Archer,5.88,Endless Route,Hip-Hop
Falling Light 191,Luna Vale,2.17,Northbound,Pop
Burning Light 192,Daniel Cruz,2.78,After Rain,Electronic
Distant Light 193,Nova Echo,3.4,Lunar Tide,Alternative
Open Light 194,Noah Carter,4.02,Quiet Storm,Lo-Fi
Shadow Light 195,Mila Harper,4.63,Velvet Noise,Indie
Rapid Light 196,Sofia Lane,5.25,Blue Horizon,Folk
Endless Light 197,Indie Harbor,5.87,Summer Glass,Jazz
Blue Light 198,The Daybreaks,2.15,Paper Trails,Rock
Paper Light 199,Atlas Bloom,2.77,Crystal Frames,R&B
Northern Light 200,Olivia Fox,3.38,City Echoes,Hip-Hop
Neon Light 201,Ariana Vale,4.0,First Light,Pop
Lunar Light 202,Ruby Moon,4.62,Golden Hour,Electronic
Autumn Light 203,Mason Reed,5.23,Neon Days,Alternative
Winter Light 204,The North Lights,5.85,Wild Heart,Lo-Fi
Summer Light 205,The Quiet Sons,2.13,Open Roads,Indie
Empty Light 206,Clara West,2.75,Winter Notes,Folk
Gentle Light 207,Maya Stone,3.37,Midnight Radio,Jazz
Rising Light 208,Ethan Ray,3.98,Hidden Places,Rock
Shining Light 209,Violet Storm,4.6,Signal Lost,R&B
Urban Light 210,Liam Archer,5.22,Endless Route,Hip-Hop
Golden Fire 211,Luna Vale,5.83,Northbound,Pop
Silent Fire 212,Daniel Cruz,2.12,After Rain,Electronic
Broken Fire 213,Nova Echo,2.73,Lunar Tide,Alternative
Midnight Fire 214,Noah Carter,3.35,Quiet Storm,Lo-Fi
Electric Fire 215,Mila Harper,3.97,Velvet Noise,Indie
Wild Fire 216,Sofia Lane,4.58,Blue Horizon,Folk
Hidden Fire 217,Indie Harbor,5.2,Summer Glass,Jazz
Bright Fire 218,The Daybreaks,5.82,Paper Trails,Rock
Velvet Fire 219,Atlas Bloom,2.1,Crystal Frames,R&B
Crystal Fire 220,Olivia Fox,2.72,City Echoes,Hip-Hop
Falling Fire 221,Ariana Vale,3.33,First Light,Pop
Burning Fire 222,Ruby Moon,3.95,Golden Hour,Electronic
Distant Fire 223,Mason Reed,4.57,Neon Days,Alternative
Open Fire 224,The North Lights,5.18,Wild Heart,Lo-Fi
Shadow Fire 225,The Quiet Sons,5.8,Open Roads,Indie
Rapid Fire 226,Clara West,2.08,Winter Notes,Folk
Endless Fire 227,Maya Stone,2.7,Midnight Radio,Jazz
Blue Fire 228,Ethan Ray,3.32,Hidden Places,Rock
Paper Fire 229,Violet Storm,3.93,Signal Lost,R&B
Northern Fire 230,Liam Archer,4.55,Endless Route,Hip-Hop
Neon Fire 231,Luna Vale,5.17,Northbound,Pop
Lunar Fire 232,Daniel Cruz,5.78,After Rain,Electronic
Autumn Fire 233,Nova Echo,2.07,Lunar Tide,Alternative
Winter Fire 234,Noah Carter,2.68,Quiet Storm,Lo-Fi
Summer Fire 235,Mila Harper,3.3,Velvet Noise,Indie
Empty Fire 236,Sofia Lane,3.92,Blue Horizon,Folk
Gentle Fire 237,Indie Harbor,4.53,Summer Glass,Jazz
Rising Fire 238,The Daybreaks,5.15,Paper Trails,Rock
Shining Fire 239,Atlas Bloom,5.77,Crystal Frames,R&B
Urban Fire 240,Olivia Fox,2.05,City Echoes,Hip-Hop
Golden Storm 241,Ariana Vale,2.67,First Light,Pop
Silent Storm 242,Ruby Moon,3.28,Golden Hour,Electronic
Broken Storm 243,Mason Reed,3.9,Neon Days,Alternative
Midnight Storm 244,The North Lights,4.52,Wild Heart,Lo-Fi
Electric Storm 245,The Quiet Sons,5.13,Open Roads,Indie
Wild Storm 246,Clara West,5.75,Winter Notes,Folk
Hidden Storm 247,Maya Stone,2.03,Midnight Radio,Jazz
Bright Storm 248,Ethan Ray,2.65,Hidden Places,Rock
Velvet Storm 249,Violet Storm,3.27,Signal Lost,R&B
Crystal Storm 250,Liam Archer,3.88,Endless Route,Hip-Hop
Falling Storm 251,Luna Vale,4.5,Northbound,Pop
Burning Storm 252,Daniel Cruz,5.12,After Rain,Electronic
Distant Storm 253,Nova Echo,5.73,Lunar Tide,Alternative
Open Storm 254,Noah Carter,2.02,Quiet Storm,Lo-Fi
Shadow Storm 255,Mila Harper,2.63,Velvet Noise,Indie
Rapid Storm 256,Sofia Lane,3.25,Blue Horizon,Folk
Endless Storm 257,Indie Harbor,3.87,Summer Glass,Jazz
Blue Storm 258,The Daybreaks,4.48,Paper Trails,Rock
Paper Storm 259,Atlas Bloom,5.1,Crystal Frames,R&B
Northern Storm 260,Olivia Fox,5.72,City Echoes,Hip-Hop
Neon Storm 261,Ariana Vale,2.0,First Light,Pop
Lunar Storm 262,Ruby Moon,2.62,Golden Hour,Electronic
Autumn Storm 263,Mason Reed,3.23,Neon Days,Alternative
Winter Storm 264,The North Lights,3.85,Wild Heart,Lo-Fi
Summer Storm 265,The Quiet Sons,4.47,Open Roads,Indie
Empty Storm 266,Clara West,5.08,Winter Notes,Folk
Gentle Storm 267,Maya Stone,5.7,Midnight Radio,Jazz
Rising Storm 268,Ethan Ray,6.32,Hidden Places,Rock
Shining Storm 269,Violet Storm,2.6,Signal Lost,R&B
Urban Storm 270,Liam Archer,3.22,Endless Route,Hip-Hop
Golden Voice 271,Luna Vale,3.83,Northbound,Pop
Silent Voice 272,Daniel Cruz,4.45,After Rain,Electronic
Broken Voice 273,Nova Echo,5.07,Lunar Tide,Alternative
Midnight Voice 274,Noah Carter,5.68,Quiet Storm,Lo-Fi
Electric Voice 275,Mila Harper,6.3,Velvet Noise,Indie
Wild Voice 276,Sofia Lane,2.58,Blue Horizon,Folk
Hidden Voice 277,Indie Harbor,3.2,Summer Glass,Jazz
Bright Voice 278,The Daybreaks,3.82,Paper Trails,Rock
Velvet Voice 279,Atlas Bloom,4.43,Crystal Frames,R&B
Crystal Voice 280,Olivia Fox,5.05,City Echoes,Hip-Hop
Falling Voice 281,Ariana Vale,5.67,First Light,Pop
Burning Voice 282,Ruby Moon,6.28,Golden Hour,Electronic
Distant Voice 283,Mason Reed,2.57,Neon Days,Alternative
Open Voice 284,The North Lights,3.18,Wild Heart,Lo-Fi
Shadow Voice 285,The Quiet Sons,3.8,Open Roads,Indie
Rapid Voice 286,Clara West,4.42,Winter Notes,Folk
Endless Voice 287,Maya Stone,5.03,Midnight Radio,Jazz
Blue Voice 288,Ethan Ray,5.65,Hidden Places,Rock
Paper Voice 289,Violet Storm,6.27,Signal Lost,R&B
Northern Voice 290,Liam Archer,2.55,Endless Route,Hip-Hop
Neon Voice 291,Luna Vale,3.17,Northbound,Pop
Lunar Voice 292,Daniel Cruz,3.78,After Rain,Electronic
Autumn Voice 293,Nova Echo,4.4,Lunar Tide,Alternative
Winter Voice 294,Noah Carter,5.02,Quiet Storm,Lo-Fi
Summer Voice 295,Mila Harper,5.63,Velvet Noise,Indie
Empty Voice 296,Sofia Lane,6.25,Blue Horizon,Folk
Gentle Voice 297,Indie Harbor,2.53,Summer Glass,Jazz
Rising Voice 298,The Daybreaks,3.15,Paper Trails,Rock
Shining Voice 299,Atlas Bloom,3.77,Crystal Frames,R&B
Urban Voice 300,Olivia Fox,4.38,City Echoes,Hip-Hop
Golden Motion 301,Ariana Vale,5.0,First Light,Pop
Silent Motion 302,Ruby Moon,5.62,Golden Hour,Electronic
Broken Motion 303,Mason Reed,6.23,Neon Days,Alternative
Midnight Motion 304,The North Lights,2.52,Wild Heart,Lo-Fi
Electric Motion 305,The Quiet Sons,3.13,Open Roads,Indie
Wild Motion 306,Clara West,3.75,Winter Notes,Folk
Hidden Motion 307,Maya Stone,4.37,Midnight Radio,Jazz
Bright Motion 308,Ethan Ray,4.98,Hidden Places,Rock
Velvet Motion 309,Violet Storm,5.6,Signal Lost,R&B
Crystal Motion 310,Liam Archer,6.22,Endless Route,Hip-Hop
Falling Motion 311,Luna Vale,2.5,Northbound,Pop
Burning Motion 312,Daniel Cruz,3.12,After Rain,Electronic
Distant Motion 313,Nova Echo,3.73,Lunar Tide,Alternative
Open Motion 314,Noah Carter,4.35,Quiet Storm,Lo-Fi
Shadow Motion 315,Mila Harper,4.97,Velvet Noise,Indie
Rapid Motion 316,Sofia Lane,5.58,Blue Horizon,Folk
Endless Motion 317,Indie Harbor,6.2,Summer Glass,Jazz
Blue Motion 318,The Daybreaks,2.48,Paper Trails,Rock
Paper Motion 319,Atlas Bloom,3.1,Crystal Frames,R&B
Northern Motion 320,Olivia Fox,3.72,City Echoes,Hip-Hop
Neon Motion 321,Ariana Vale,4.33,First Light,Pop
Lunar Motion 322,Ruby Moon,4.95,Golden Hour,Electronic
Autumn Motion 323,Mason Reed,5.57,Neon Days,Alternative
Winter Motion 324,The North Lights,6.18,Wild Heart,Lo-Fi
Summer Motion 325,The Quiet Sons,2.47,Open Roads,Indie
Empty Motion 326,Clara West,3.08,Winter Notes,Folk
Gentle Motion 327,Maya Stone,3.7,Midnight Radio,Jazz
Rising Motion 328,Ethan Ray,4.32,Hidden Places,Rock
Shining Motion 329,Violet Storm,4.93,Signal Lost,R&B
Urban Motion 330,Liam Archer,5.55,Endless Route,Hip-Hop
Golden Wave 331,Luna Vale,6.17,Northbound,Pop
Silent Wave 332,Daniel Cruz,2.45,After Rain,Electronic
Broken Wave 333,Nova Echo,3.07,Lunar Tide,Alternative
Midnight Wave 334,Noah Carter,3.68,Quiet Storm,Lo-Fi
Electric Wave 335,Mila Harper,4.3,Velvet Noise,Indie
Wild Wave 336,Sofia Lane,4.92,Blue Horizon,Folk
Hidden Wave 337,Indie Harbor,5.53,Summer Glass,Jazz
Bright Wave 338,The Daybreaks,6.15,Paper Trails,Rock
Velvet Wave 339,Atlas Bloom,2.43,Crystal Frames,R&B
Crystal Wave 340,Olivia Fox,3.05,City Echoes,Hip-Hop
Falling Wave 341,Ariana Vale,3.67,First Light,Pop
Burning Wave 342,Ruby Moon,4.28,Golden Hour,Electronic
Distant Wave 343,Mason Reed,4.9,Neon Days,Alternative
Open Wave 344,The North Lights,5.52,Wild Heart,Lo-Fi
Shadow Wave 345,The Quiet Sons,6.13,Open Roads,Indie
Rapid Wave 346,Clara West,2.42,Winter Notes,Folk
Endless Wave 347,Maya Stone,3.03,Midnight Radio,Jazz
Blue Wave 348,Ethan Ray,3.65,Hidden Places,Rock
Paper Wave 349,Violet Storm,4.27,Signal Lost,R&B
Northern Wave 350,Liam Archer,4.88,Endless Route,Hip-Hop
Neon Wave 351,Luna Vale,5.5,Northbound,Pop
Lunar Wave 352,Daniel Cruz,6.12,After Rain,Electronic
Autumn Wave 353,Nova Echo,2.4,Lunar Tide,Alternative
Winter Wave 354,Noah Carter,3.02,Quiet Storm,Lo-Fi
Summer Wave 355,Mila Harper,3.63,Velvet Noise,Indie
Empty Wave 356,Sofia Lane,4.25,Blue Horizon,Folk
Gentle Wave 357,Indie Harbor,4.87,Summer Glass,Jazz
Rising Wave 358,The Daybreaks,5.48,Paper Trails,Rock
Shining Wave 359,Atlas Bloom,6.1,Crystal Frames,R&B
Urban Wave 360,Olivia Fox,2.38,City Echoes,Hip-Hop
Golden Stone 361,Ariana Vale,3.0,First Light,Pop
Silent Stone 362,Ruby Moon,3.62,Golden Hour,Electronic
Broken Stone 363,Mason Reed,4.23,Neon Days,Alternative
Midnight Stone 364,The North Lights,4.85,Wild Heart,Lo-Fi
Electric Stone 365,The Quiet Sons,5.47,Open Roads,Indie
Wild Stone 366,Clara West,6.08,Winter Notes,Folk
Hidden Stone 367,Maya Stone,2.37,Midnight Radio,Jazz
Bright Stone 368,Ethan Ray,2.98,Hidden Places,Rock
Velvet Stone 369,Violet Storm,3.6,Signal Lost,R&B
Crystal Stone 370,Liam Archer,4.22,Endless Route,Hip-Hop
Falling Stone 371,Luna Vale,4.83,Northbound,Pop
Burning Stone 372,Daniel Cruz,5.45,After Rain,Electronic
Distant Stone 373,Nova Echo,6.07,Lunar Tide,Alternative
Open Stone 374,Noah Carter,2.35,Quiet Storm,Lo-Fi
Shadow Stone 375,Mila Harper,2.97,Velvet Noise,Indie
Rapid Stone 376,Sofia Lane,3.58,Blue Horizon,Folk
Endless Stone 377,Indie Harbor,4.2,Summer Glass,Jazz
Blue Stone 378,The Daybreaks,4.82,Paper Trails,Rock
Paper Stone 379,Atlas Bloom,5.43,Crystal Frames,R&B
Northern Stone 380,Olivia Fox,6.05,City Echoes,Hip-Hop
Neon Stone 381,Ariana Vale,2.33,First Light,Pop
Lunar Stone 382,Ruby Moon,2.95,Golden Hour,Electronic
Autumn Stone 383,Mason Reed,3.57,Neon Days,Alternative
Winter Stone 384,The North Lights,4.18,Wild Heart,Lo-Fi
Summer Stone 385,The Quiet Sons,4.8,Open Roads,Indie
Empty Stone 386,Clara West,5.42,Winter Notes,Folk
Gentle Stone 387,Maya Stone,6.03,Midnight Radio,Jazz
Rising Stone 388,Ethan Ray,2.32,Hidden Places,Rock
Shining Stone 389,Violet Storm,2.93,Signal Lost,R&B
Urban Stone 390,Liam Archer,3.55,Endless Route,Hip-Hop
Golden Memory 391,Luna Vale,4.17,Northbound,Pop
Silent Memory 392,Daniel Cruz,4.78,After Rain,Electronic
Broken Memory 393,Nova Echo,5.4,Lunar Tide,Alternative
Midnight Memory 394,Noah Carter,6.02,Quiet Storm,Lo-Fi
Electric Memory 395,Mila Harper,2.3,Velvet Noise,Indie
Wild Memory 396,Sofia Lane,2.92,Blue Horizon,Folk
Hidden Memory 397,Indie Harbor,3.53,Summer Glass,Jazz
Bright Memory 398,The Daybreaks,4.15,Paper Trails,Rock
Velvet Memory 399,Atlas Bloom,4.77,Crystal Frames,R&B
Crystal Memory 400,Olivia Fox,5.38,City Echoes,Hip-Hop
Falling Memory 401,Ariana Vale,6.0,First Light,Pop
Burning Memory 402,Ruby Moon,2.28,Golden Hour,Electronic
Distant Memory 403,Mason Reed,2.9,Neon Days,Alternative
Open Memory 404,The North Lights,3.52,Wild Heart,Lo-Fi
Shadow Memory 405,The Quiet Sons,4.13,Open Roads,Indie
Rapid Memory 406,Clara West,4.75,Winter Notes,Folk
Endless Memory 407,Maya Stone,5.37,Midnight Radio,Jazz
Blue Memory 408,Ethan Ray,5.98,Hidden Places,Rock
Paper Memory 409,Violet Storm,2.27,Signal Lost,R&B
Northern Memory 410,Liam Archer,2.88,Endless Route,Hip-Hop
Neon Memory 411,Luna Vale,3.5,Northbound,Pop
Lunar Memory 412,Daniel Cruz,4.12,After Rain,Electronic
Autumn Memory 413,Nova Echo,4.73,Lunar Tide,Alternative
Winter Memory 414,Noah Carter,5.35,Quiet Storm,Lo-Fi
Summer Memory 415,Mila Harper,5.97,Velvet Noise,Indie
Empty Memory 416,Sofia Lane,2.25,Blue Horizon,Folk
Gentle Memory 417,Indie Harbor,2.87,Summer Glass,Jazz
Rising Memory 418,The Daybreaks,3.48,Paper Trails,Rock
Shining Memory 419,Atlas Bloom,4.1,Crystal Frames,R&B
Urban Memory 420,Olivia Fox,4.72,City Echoes,Hip-Hop
Golden Line 421,Ariana Vale,5.33,First Light,Pop
Silent Line 422,Ruby Moon,5.95,Golden Hour,Electronic
Broken Line 423,Mason Reed,2.23,Neon Days,Alternative
Midnight Line 424,The North Lights,2.85,Wild Heart,Lo-Fi
Electric Line 425,The Quiet Sons,3.47,Open Roads,Indie
Wild Line 426,Clara West,4.08,Winter Notes,Folk
Hidden Line 427,Maya Stone,4.7,Midnight Radio,Jazz
Bright Line 428,Ethan Ray,5.32,Hidden Places,Rock
Velvet Line 429,Violet Storm,5.93,Signal Lost,R&B
Crystal Line 430,Liam Archer,2.22,Endless Route,Hip-Hop
Falling Line 431,Luna Vale,2.83,Northbound,Pop
Burning Line 432,Daniel Cruz,3.45,After Rain,Electronic
Distant Line 433,Nova Echo,4.07,Lunar Tide,Alternative
Open Line 434,Noah Carter,4.68,Quiet Storm,Lo-Fi
Shadow Line 435,Mila Harper,5.3,Velvet Noise,Indie
Rapid Line 436,Sofia Lane,5.92,Blue Horizon,Folk
Endless Line 437,Indie Harbor,2.2,Summer Glass,Jazz
Blue Line 438,The Daybreaks,2.82,Paper Trails,Rock
Paper Line 439,Atlas Bloom,3.43,Crystal Frames,R&B
Northern Line 440,Olivia Fox,4.05,City Echoes,Hip-Hop
Neon Line 441,Ariana Vale,4.67,First Light,Pop
Lunar Line 442,Ruby Moon,5.28,Golden Hour,Electronic
Autumn Line 443,Mason Reed,5.9,Neon Days,Alternative
Winter Line 444,The North Lights,2.18,Wild Heart,Lo-Fi
Summer Line 445,The Quiet Sons,2.8,Open Roads,Indie
Empty Line 446,Clara West,3.42,Winter Notes,Folk
Gentle Line 447,Maya Stone,4.03,Midnight Radio,Jazz
Rising Line 448,Ethan Ray,4.65,Hidden Places,Rock
Shining Line 449,Violet Storm,5.27,Signal Lost,R&B
Urban Line 450,Liam Archer,5.88,Endless Route,Hip-Hop
Golden Ocean 451,Luna Vale,2.17,Northbound,Pop
Silent Ocean 452,Daniel Cruz,2.78,After Rain,Electronic
Broken Ocean 453,Nova Echo,3.4,Lunar Tide,Alternative
Midnight Ocean 454,Noah Carter,4.02,Quiet Storm,Lo-Fi
Electric Ocean 455,Mila Harper,4.63,Velvet Noise,Indie
Wild Ocean 456,Sofia Lane,5.25,Blue Horizon,Folk
Hidden Ocean 457,Indie Harbor,5.87,Summer Glass,Jazz
Bright Ocean 458,The Daybreaks,2.15,Paper Trails,Rock
Velvet Ocean 459,Atlas Bloom,2.77,Crystal Frames,R&B
Crystal Ocean 460,Olivia Fox,3.38,City Echoes,Hip-Hop
Falling Ocean 461,Ariana Vale,4.0,First Light,Pop
Burning Ocean 462,Ruby Moon,4.62,Golden Hour,Electronic
Distant Ocean 463,Mason Reed,5.23,Neon Days,Alternative
Open Ocean 464,The North Lights,5.85,Wild Heart,Lo-Fi
Shadow Ocean 465,The Quiet Sons,2.13,Open Roads,Indie
Rapid Ocean 466,Clara West,2.75,Winter Notes,Folk
Endless Ocean 467,Maya Stone,3.37,Midnight Radio,Jazz
Blue Ocean 468,Ethan Ray,3.98,Hidden Places,Rock
Paper Ocean 469,Violet Storm,4.6,Signal Lost,R&B
Northern Ocean 470,Liam Archer,5.22,Endless Route,Hip-Hop
Neon Ocean 471,Luna Vale,5.83,Northbound,Pop
Lunar Ocean 472,Daniel Cruz,2.12,After Rain,Electronic
Autumn Ocean 473,Nova Echo,2.73,Lunar Tide,Alternative
Winter Ocean 474,Noah Carter,3.35,Quiet Storm,Lo-Fi
Summer Ocean 475,Mila Harper,3.97,Velvet Noise,Indie
Empty Ocean 476,Sofia Lane,4.58,Blue Horizon,Folk
Gentle Ocean 477,Indie Harbor,5.2,Summer Glass,Jazz
Rising Ocean 478,The Daybreaks,5.82,Paper Trails,Rock
Shining Ocean 479,Atlas Bloom,2.1,Crystal Frames,R&B
Urban Ocean 480,Olivia Fox,2.72,City Echoes,Hip-Hop
Golden Paper 481,Ariana Vale,3.33,First Light,Pop
Silent Paper 482,Ruby Moon,3.95,Golden Hour,Electronic
Broken Paper 483,Mason Reed,4.57,Neon Days,Alternative
Midnight Paper 484,The North Lights,5.18,Wild Heart,Lo-Fi
Electric Paper 485,The Quiet Sons,5.8,Open Roads,Indie
Wild Paper 486,Clara West,2.08,Winter Notes,Folk
Hidden Paper 487,Maya Stone,2.7,Midnight Radio,Jazz
Bright Paper 488,Ethan Ray,3.32,Hidden Places,Rock
Velvet Paper 489,Violet Storm,3.93,Signal Lost,R&B
Crystal Paper 490,Liam Archer,4.55,Endless Route,Hip-Hop
Falling Paper 491,Luna Vale,5.17,Northbound,Pop
Burning Paper 492,Daniel Cruz,5.78,After Rain,Electronic
Distant Paper 493,Nova Echo,2.07,Lunar Tide,Alternative
Open Paper 494,Noah Carter,2.68,Quiet Storm,Lo-Fi
Shadow Paper 495,Mila Harper,3.3,Velvet Noise,Indie
Rapid Paper 496,Sofia Lane,3.92,Blue Horizon,Folk
Endless Paper 497,Indie Harbor,4.53,Summer Glass,Jazz
Blue Paper 498,The Daybreaks,5.15,Paper Trails,Rock
Paper Paper 499,Atlas Bloom,5.77,Crystal Frames,R&B
Northern Paper 500,Olivia Fox,2.05,City Echoes,Hip-Hop
Neon Paper 501,Ariana Vale,2.67,First Light,Pop
Lunar Paper 502,Ruby Moon,3.28,Golden Hour,Electronic
Autumn Paper 503,Mason Reed,3.9,Neon Days,Alternative
Winter Paper 504,The North Lights,4.52,Wild Heart,Lo-Fi
Summer Paper 505,The Quiet Sons,5.13,Open Roads,Indie
Empty Paper 506,Clara West,5.75,Winter Notes,Folk
Gentle Paper 507,Maya Stone,2.03,Midnight Radio,Jazz
Rising Paper 508,Ethan Ray,2.65,Hidden Places,Rock
Shining Paper 509,Violet Storm,3.27,Signal Lost,R&B
Urban Paper 510,Liam Archer,3.88,Endless Route,Hip-Hop
Golden Signal 511,Luna Vale,4.5,Northbound,Pop
Silent Signal 512,Daniel Cruz,5.12,After Rain,Electronic
Broken Signal 513,Nova Echo,5.73,Lunar Tide,Alternative
Midnight Signal 514,Noah Carter,2.02,Quiet Storm,Lo-Fi
Electric Signal 515,Mila Harper,2.63,Velvet Noise,Indie
Wild Signal 516,Sofia Lane,3.25,Blue Horizon,Folk
Hidden Signal 517,Indie Harbor,3.87,Summer Glass,Jazz
Bright Signal 518,The Daybreaks,4.48,Paper Trails,Rock
Velvet Signal 519,Atlas Bloom,5.1,Crystal Frames,R&B
Crystal Signal 520,Olivia Fox,5.72,City Echoes,Hip-Hop
Falling Signal 521,Ariana Vale,2.0,First Light,Pop
Burning Signal 522,Ruby Moon,2.62,Golden Hour,Electronic
Distant Signal 523,Mason Reed,3.23,Neon Days,Alternative
Open Signal 524,The North Lights,3.85,Wild Heart,Lo-Fi
Shadow Signal 525,The Quiet Sons,4.47,Open Roads,Indie
Rapid Signal 526,Clara West,5.08,Winter Notes,Folk
Endless Signal 527,Maya Stone,5.7,Midnight Radio,Jazz
Blue Signal 528,Ethan Ray,6.32,Hidden Places,Rock
Paper Signal 529,Violet Storm,2.6,Signal Lost,R&B
Northern Signal 530,Liam Archer,3.22,Endless Route,Hip-Hop
Neon Signal 531,Luna Vale,3.83,Northbound,Pop
Lunar Signal 532,Daniel Cruz,4.45,After Rain,Electronic
Autumn Signal 533,Nova Echo,5.07,Lunar Tide,Alternative
Winter Signal 534,Noah Carter,5.68,Quiet Storm,Lo-Fi
Summer Signal 535,Mila Harper,6.3,Velvet Noise,Indie
Empty Signal 536,Sofia Lane,2.58,Blue Horizon,Folk
Gentle Signal 537,Indie Harbor,3.2,Summer Glass,Jazz
Rising Signal 538,The Daybreaks,3.82,Paper Trails,Rock
Shining Signal 539,Atlas Bloom,4.43,Crystal Frames,R&B
Urban Signal 540,Olivia Fox,5.05,City Echoes,Hip-Hop
Golden Garden 541,Ariana Vale,5.67,First Light,Pop
Silent Garden 542,Ruby Moon,6.28,Golden Hour,Electronic
Broken Garden 543,Mason Reed,2.57,Neon Days,Alternative
Midnight Garden 544,The North Lights,3.18,Wild Heart,Lo-Fi
Electric Garden 545,The Quiet Sons,3.8,Open Roads,Indie
Wild Garden 546,Clara West,4.42,Winter Notes,Folk
Hidden Garden 547,Maya Stone,5.03,Midnight Radio,Jazz
Bright Garden 548,Ethan Ray,5.65,Hidden Places,Rock
Velvet Garden 549,Violet Storm,6.27,Signal Lost,R&B
Crystal Garden 550,Liam Archer,2.55,Endless Route,Hip-Hop
Falling Garden 551,Luna Vale,3.17,Northbound,Pop
Burning Garden 552,Daniel Cruz,3.78,After Rain,Electronic
Distant Garden 553,Nova Echo,4.4,Lunar Tide,Alternative
Open Garden 554,Noah Carter,5.02,Quiet Storm,Lo-Fi
Shadow Garden 555,Mila Harper,5.63,Velvet Noise,Indie
Rapid Garden 556,Sofia Lane,6.25,Blue Horizon,Folk
Endless Garden 557,Indie Harbor,2.53,Summer Glass,Jazz
Blue Garden 558,The Daybreaks,3.15,Paper Trails,Rock
Paper Garden 559,Atlas Bloom,3.77,Crystal Frames,R&B
Northern Garden 560,Olivia Fox,4.38,City Echoes,Hip-Hop
Neon Garden 561,Ariana Vale,5.0,First Light,Pop
Lunar Garden 562,Ruby Moon,5.62,Golden Hour,Electronic
Autumn Garden 563,Mason Reed,6.23,Neon Days,Alternative
Winter Garden 564,The North Lights,2.52,Wild Heart,Lo-Fi
Summer Garden 565,The Quiet Sons,3.13,Open Roads,Indie
Empty Garden 566,Clara West,3.75,Winter Notes,Folk
Gentle Garden 567,Maya Stone,4.37,Midnight Radio,Jazz
Rising Garden 568,Ethan Ray,4.98,Hidden Places,Rock
Shining Garden 569,Violet Storm,5.6,Signal Lost,R&B
Urban Garden 570,Liam Archer,6.22,Endless Route,Hip-Hop
Golden Pulse 571,Luna Vale,2.5,Northbound,Pop
Silent Pulse 572,Daniel Cruz,3.12,After Rain,Electronic
Broken Pulse 573,Nova Echo,3.73,Lunar Tide,Alternative
Midnight Pulse 574,Noah Carter,4.35,Quiet Storm,Lo-Fi
Electric Pulse 575,Mila Harper,4.97,Velvet Noise,Indie
Wild Pulse 576,Sofia Lane,5.58,Blue Horizon,Folk
Hidden Pulse 577,Indie Harbor,6.2,Summer Glass,Jazz
Bright Pulse 578,The Daybreaks,2.48,Paper Trails,Rock
Velvet Pulse 579,Atlas Bloom,3.1,Crystal Frames,R&B
Crystal Pulse 580,Olivia Fox,3.72,City Echoes,Hip-Hop
Falling Pulse 581,Ariana Vale,4.33,First Light,Pop
Burning Pulse 582,Ruby Moon,4.95,Golden Hour,Electronic
Distant Pulse 583,Mason Reed,5.57,Neon Days,Alternative
Open Pulse 584,The North Lights,6.18,Wild Heart,Lo-Fi
Shadow Pulse 585,The Quiet Sons,2.47,Open Roads,Indie
Rapid Pulse 586,Clara West,3.08,Winter Notes,Folk
Endless Pulse 587,Maya Stone,3.7,Midnight Radio,Jazz
Blue Pulse 588,Ethan Ray,4.32,Hidden Places,Rock
Paper Pulse 589,Violet Storm,4.93,Signal Lost,R&B
Northern Pulse 590,Liam Archer,5.55,Endless Route,Hip-Hop
Neon Pulse 591,Luna Vale,6.17,Northbound,Pop
Lunar Pulse 592,Daniel Cruz,2.45,After Rain,Electronic
Autumn Pulse 593,Nova Echo,3.07,Lunar Tide,Alternative
Winter Pulse 594,Noah Carter,3.68,Quiet Storm,Lo-Fi
Summer Pulse 595,Mila Harper,4.3,Velvet Noise,Indie
Empty Pulse 596,Sofia Lane,4.92,Blue Horizon,Folk
Gentle Pulse 597,Indie Harbor,5.53,Summer Glass,Jazz
Rising Pulse 598,The Daybreaks,6.15,Paper Trails,Rock
Shining Pulse 599,Atlas Bloom,2.43,Crystal Frames,R&B
Urban Pulse 600,Olivia Fox,3.05,City Echoes,Hip-Hop
Golden Winter 601,Ariana Vale,3.67,First Light,Pop
Silent Winter 602,Ruby Moon,4.28,Golden Hour,Electronic
Broken Winter 603,Mason Reed,4.9,Neon Days,Alternative
Midnight Winter 604,The North Lights,5.52,Wild Heart,Lo-Fi
Electric Winter 605,The Quiet Sons,6.13,Open Roads,Indie
Wild Winter 606,Clara West,2.42,Winter Notes,Folk
Hidden Winter 607,Maya Stone,3.03,Midnight Radio,Jazz
Bright Winter 608,Ethan Ray,3.65,Hidden Places,Rock
Velvet Winter 609,Violet Storm,4.27,Signal Lost,R&B
Crystal Winter 610,Liam Archer,4.88,Endless Route,Hip-Hop
Falling Winter 611,Luna Vale,5.5,Northbound,Pop
Burning Winter 612,Daniel Cruz,6.12,After Rain,Electronic
Distant Winter 613,Nova Echo,2.4,Lunar Tide,Alternative
Open Winter 614,Noah Carter,3.02,Quiet Storm,Lo-Fi
Shadow Winter 615,Mila Harper,3.63,Velvet Noise,Indie
Rapid Winter 616,Sofia Lane,4.25,Blue Horizon,Folk
Endless Winter 617,Indie Harbor,4.87,Summer Glass,Jazz
Blue Winter 618,The Daybreaks,5.48,Paper Trails,Rock
Paper Winter 619,Atlas Bloom,6.1,Crystal Frames,R&B
Northern Winter 620,Olivia Fox,2.38,City Echoes,Hip-Hop
Neon Winter 621,Ariana Vale,3.0,First Light,Pop
Lunar Winter 622,Ruby Moon,3.62,Golden Hour,Electronic
Autumn Winter 623,Mason Reed,4.23,Neon Days,Alternative
Winter Winter 624,The North Lights,4.85,Wild Heart,Lo-Fi
Summer Winter 625,The Quiet Sons,5.47,Open Roads,Indie
Empty Winter 626,Clara West,6.08,Winter Notes,Folk
Gentle Winter 627,Maya Stone,2.37,Midnight Radio,Jazz
Rising Winter 628,Ethan Ray,2.98,Hidden Places,Rock
Shining Winter 629,Violet Storm,3.6,Signal Lost,R&B
Urban Winter 630,Liam Archer,4.22,Endless Route,Hip-Hop
Golden City 631,Luna Vale,4.83,Northbound,Pop
Silent City 632,Daniel Cruz,5.45,After Rain,Electronic
Broken City 633,Nova Echo,6.07,Lunar Tide,Alternative
Midnight City 634,Noah Carter,2.35,Quiet Storm,Lo-Fi
Electric City 635,Mila Harper,2.97,Velvet Noise,Indie
Wild City 636,Sofia Lane,3.58,Blue Horizon,Folk
Hidden City 637,Indie Harbor,4.2,Summer Glass,Jazz
Bright City 638,The Daybreaks,4.82,Paper Trails,Rock
Velvet City 639,Atlas Bloom,5.43,Crystal Frames,R&B
Crystal City 640,Olivia Fox,6.05,City Echoes,Hip-Hop
Falling City 641,Ariana Vale,2.33,First Light,Pop
Burning City 642,Ruby Moon,2.95,Golden Hour,Electronic
Distant City 643,Mason Reed,3.57,Neon Days,Alternative
Open City 644,The North Lights,4.18,Wild Heart,Lo-Fi
Shadow City 645,The Quiet Sons,4.8,Open Roads,Indie
Rapid City 646,Clara West,5.42,Winter Notes,Folk
Endless City 647,Maya Stone,6.03,Midnight Radio,Jazz
Blue City 648,Ethan Ray,2.32,Hidden Places,Rock
Paper City 649,Violet Storm,2.93,Signal Lost,R&B
Northern City 650,Liam Archer,3.55,Endless Route,Hip-Hop
Neon City 651,Luna Vale,4.17,Northbound,Pop
Lunar City 652,Daniel Cruz,4.78,After Rain,Electronic
Autumn City 653,Nova Echo,5.4,Lunar Tide,Alternative
Winter City 654,Noah Carter,6.02,Quiet Storm,Lo-Fi
Summer City 655,Mila Harper,2.3,Velvet Noise,Indie
Empty City 656,Sofia Lane,2.92,Blue Horizon,Folk
Gentle City 657,Indie Harbor,3.53,Summer Glass,Jazz
Rising City 658,The Daybreaks,4.15,Paper Trails,Rock
Shining City 659,Atlas Bloom,4.77,Crystal Frames,R&B
Urban City 660,Olivia Fox,5.38,City Echoes,Hip-Hop
Golden Skyline 661,Ariana Vale,6.0,First Light,Pop
Silent Skyline 662,Ruby Moon,2.28,Golden Hour,Electronic
Broken Skyline 663,Mason Reed,2.9,Neon Days,Alternative
Midnight Skyline 664,The North Lights,3.52,Wild Heart,Lo-Fi
Electric Skyline 665,The Quiet Sons,4.13,Open Roads,Indie
Wild Skyline 666,Clara West,4.75,Winter Notes,Folk
Hidden Skyline 667,Maya Stone,5.37,Midnight Radio,Jazz
Bright Skyline 668,Ethan Ray,5.98,Hidden Places,Rock
Velvet Skyline 669,Violet Storm,2.27,Signal Lost,R&B
Crystal Skyline 670,Liam Archer,2.88,Endless Route,Hip-Hop
Falling Skyline 671,Luna Vale,3.5,Northbound,Pop
Burning Skyline 672,Daniel Cruz,4.12,After Rain,Electronic
Distant Skyline 673,Nova Echo,4.73,Lunar Tide,Alternative
Open Skyline 674,Noah Carter,5.35,Quiet Storm,Lo-Fi
Shadow Skyline 675,Mila Harper,5.97,Velvet Noise,Indie
Rapid Skyline 676,Sofia Lane,2.25,Blue Horizon,Folk
Endless Skyline 677,Indie Harbor,2.87,Summer Glass,Jazz
Blue Skyline 678,The Daybreaks,3.48,Paper Trails,Rock
Paper Skyline 679,Atlas Bloom,4.1,Crystal Frames,R&B
Northern Skyline 680,Olivia Fox,4.72,City Echoes,Hip-Hop
Neon Skyline 681,Ariana Vale,5.33,First Light,Pop
Lunar Skyline 682,Ruby Moon,5.95,Golden Hour,Electronic
Autumn Skyline 683,Mason Reed,2.23,Neon Days,Alternative
Winter Skyline 684,The North Lights,2.85,Wild Heart,Lo-Fi
Summer Skyline 685,The Quiet Sons,3.47,Open Roads,Indie
Empty Skyline 686,Clara West,4.08,Winter Notes,Folk
Gentle Skyline 687,Maya Stone,4.7,Midnight Radio,Jazz
Rising Skyline 688,Ethan Ray,5.32,Hidden Places,Rock
Shining Skyline 689,Violet Storm,5.93,Signal Lost,R&B
Urban Skyline 690,Liam Archer,2.22,Endless Route,Hip-Hop
Golden Promise 691,Luna Vale,2.83,Northbound,Pop
Silent Promise 692,Daniel Cruz,3.45,After Rain,Electronic
Broken Promise 693,Nova Echo,4.07,Lunar Tide,Alternative
Midnight Promise 694,Noah Carter,4.68,Quiet Storm,Lo-Fi
Electric Promise 695,Mila Harper,5.3,Velvet Noise,Indie
Wild Promise 696,Sofia Lane,5.92,Blue Horizon,Folk
Hidden Promise 697,Indie Harbor,2.2,Summer Glass,Jazz
Bright Promise 698,The Daybreaks,2.82,Paper Trails,Rock
Velvet Promise 699,Atlas Bloom,3.43,Crystal Frames,R&B
Crystal Promise 700,Olivia Fox,4.05,City Echoes,Hip-Hop
Falling Promise 701,Ariana Vale,4.67,First Light,Pop
Burning Promise 702,Ruby Moon,5.28,Golden Hour,Electronic
Distant Promise 703,Mason Reed,5.9,Neon Days,Alternative
Open Promise 704,The North Lights,2.18,Wild Heart,Lo-Fi
Shadow Promise 705,The Quiet Sons,2.8,Open Roads,Indie
Rapid Promise 706,Clara West,3.42,Winter Notes,Folk
Endless Promise 707,Maya Stone,4.03,Midnight Radio,Jazz
Blue Promise 708,Ethan Ray,4.65,Hidden Places,Rock
Paper Promise 709,Violet Storm,5.27,Signal Lost,R&B
Northern Promise 710,Liam Archer,5.88,Endless Route,Hip-Hop
Neon Promise 711,Luna Vale,2.17,Northbound,Pop
Lunar Promise 712,Daniel Cruz,2.78,After Rain,Electronic
Autumn Promise 713,Nova Echo,3.4,Lunar Tide,Alternative
Winter Promise 714,Noah Carter,4.02,Quiet Storm,Lo-Fi
Summer Promise 715,Mila Harper,4.63,Velvet Noise,Indie
Empty Promise 716,Sofia Lane,5.25,Blue Horizon,Folk
Gentle Promise 717,Indie Harbor,5.87,Summer Glass,Jazz
Rising Promise 718,The Daybreaks,2.15,Paper Trails,Rock
Shining Promise 719,Atlas Bloom,2.77,Crystal Frames,R&B
Urban Promise 720,Olivia Fox,3.38,City Echoes,Hip-Hop
Golden Bloom 721,Ariana Vale,4.0,First Light,Pop
Silent Bloom 722,Ruby Moon,4.62,Golden Hour,Electronic
Broken Bloom 723,Mason Reed,5.23,Neon Days,Alternative
Midnight Bloom 724,The North Lights,5.85,Wild Heart,Lo-Fi
Electric Bloom 725,The Quiet Sons,2.13,Open Roads,Indie
Wild Bloom 726,Clara West,2.75,Winter Notes,Folk
Hidden Bloom 727,Maya Stone,3.37,Midnight Radio,Jazz
Bright Bloom 728,Ethan Ray,3.98,Hidden Places,Rock
Velvet Bloom 729,Violet Storm,4.6,Signal Lost,R&B
Crystal Bloom 730,Liam Archer,5.22,Endless Route,Hip-Hop
Falling Bloom 731,Luna Vale,5.83,Northbound,Pop
Burning Bloom 732,Daniel Cruz,2.12,After Rain,Electronic
Distant Bloom 733,Nova Echo,2.73,Lunar Tide,Alternative
Open Bloom 734,Noah Carter,3.35,Quiet Storm,Lo-Fi
Shadow Bloom 735,Mila Harper,3.97,Velvet Noise,Indie
Rapid Bloom 736,Sofia Lane,4.58,Blue Horizon,Folk
Endless Bloom 737,Indie Harbor,5.2,Summer Glass,Jazz
Blue Bloom 738,The Daybreaks,5.82,Paper Trails,Rock
Paper Bloom 739,Atlas Bloom,2.1,Crystal Frames,R&B
Northern Bloom 740,Olivia Fox,2.72,City Echoes,Hip-Hop
Neon Bloom 741,Ariana Vale,3.33,First Light,Pop
Lunar Bloom 742,Ruby Moon,3.95,Golden Hour,Electronic
Autumn Bloom 743,Mason Reed,4.57,Neon Days,Alternative
Winter Bloom 744,The North Lights,5.18,Wild Heart,Lo-Fi
Summer Bloom 745,The Quiet Sons,5.8,Open Roads,Indie
Empty Bloom 746,Clara West,2.08,Winter Notes,Folk
Gentle Bloom 747,Maya Stone,2.7,Midnight Radio,Jazz
Rising Bloom 748,Ethan Ray,3.32,Hidden Places,Rock
Shining Bloom 749,Violet Storm,3.93,Signal Lost,R&B
Urban Bloom 750,Liam Archer,4.55,Endless Route,Hip-Hop
Golden Spark 751,Luna Vale,5.17,Northbound,Pop
Silent Spark 752,Daniel Cruz,5.78,After Rain,Electronic
Broken Spark 753,Nova Echo,2.07,Lunar Tide,Alternative
Midnight Spark 754,Noah Carter,2.68,Quiet Storm,Lo-Fi
Electric Spark 755,Mila Harper,3.3,Velvet Noise,Indie
Wild Spark 756,Sofia Lane,3.92,Blue Horizon,Folk
Hidden Spark 757,Indie Harbor,4.53,Summer Glass,Jazz
Bright Spark 758,The Daybreaks,5.15,Paper Trails,Rock
Velvet Spark 759,Atlas Bloom,5.77,Crystal Frames,R&B
Crystal Spark 760,Olivia Fox,2.05,City Echoes,Hip-Hop
Falling Spark 761,Ariana Vale,2.67,First Light,Pop
Burning Spark 762,Ruby Moon,3.28,Golden Hour,Electronic
Distant Spark 763,Mason Reed,3.9,Neon Days,Alternative
Open Spark 764,The North Lights,4.52,Wild Heart,Lo-Fi
Shadow Spark 765,The Quiet Sons,5.13,Open Roads,Indie
Rapid Spark 766,Clara West,5.75,Winter Notes,Folk
Endless Spark 767,Maya Stone,2.03,Midnight Radio,Jazz
Blue Spark 768,Ethan Ray,2.65,Hidden Places,Rock
Paper Spark 769,Violet Storm,3.27,Signal Lost,R&B
Northern Spark 770,Liam Archer,3.88,Endless Route,Hip-Hop
Neon Spark 771,Luna Vale,4.5,Northbound,Pop
Lunar Spark 772,Daniel Cruz,5.12,After Rain,Electronic
Autumn Spark 773,Nova Echo,5.73,Lunar Tide,Alternative
Winter Spark 774,Noah Carter,2.02,Quiet Storm,Lo-Fi
Summer Spark 775,Mila Harper,2.63,Velvet Noise,Indie
Empty Spark 776,Sofia Lane,3.25,Blue Horizon,Folk
Gentle Spark 777,Indie Harbor,3.87,Summer Glass,Jazz
Rising Spark 778,The Daybreaks,4.48,Paper Trails,Rock
Shining Spark 779,Atlas Bloom,5.1,Crystal Frames,R&B
Urban Spark 780,Olivia Fox,5.72,City Echoes,Hip-Hop
Golden Anchor 781,Ariana Vale,2.0,First Light,Pop
Silent Anchor 782,Ruby Moon,2.62,Golden Hour,Electronic
Broken Anchor 783,Mason Reed,3.23,Neon Days,Alternative
Midnight Anchor 784,The North Lights,3.85,Wild Heart,Lo-Fi
Electric Anchor 785,The Quiet Sons,4.47,Open Roads,Indie
Wild Anchor 786,Clara West,5.08,Winter Notes,Folk
Hidden Anchor 787,Maya Stone,5.7,Midnight Radio,Jazz
Bright Anchor 788,Ethan Ray,6.32,Hidden Places,Rock
Velvet Anchor 789,Violet Storm,2.6,Signal Lost,R&B
Crystal Anchor 790,Liam Archer,3.22,Endless Route,Hip-Hop
Falling Anchor 791,Luna Vale,3.83,Northbound,Pop
Burning Anchor 792,Daniel Cruz,4.45,After Rain,Electronic
Distant Anchor 793,Nova Echo,5.07,Lunar Tide,Alternative
Open Anchor 794,Noah Carter,5.68,Quiet Storm,Lo-Fi
Shadow Anchor 795,Mila Harper,6.3,Velvet Noise,Indie
Rapid Anchor 796,Sofia Lane,2.58,Blue Horizon,Folk
Endless Anchor 797,Indie Harbor,3.2,Summer Glass,Jazz
Blue Anchor 798,The Daybreaks,3.82,Paper Trails,Rock
Paper Anchor 799,Atlas Bloom,4.43,Crystal Frames,R&B
Northern Anchor 800,Olivia Fox,5.05,City Echoes,Hip-Hop
Neon Anchor 801,Ariana Vale,5.67,First Light,Pop
Lunar Anchor 802,Ruby Moon,6.28,Golden Hour,Electronic
Autumn Anchor 803,Mason Reed,2.57,Neon Days,Alternative
Winter Anchor 804,The North Lights,3.18,Wild Heart,Lo-Fi
Summer Anchor 805,The Quiet Sons,3.8,Open Roads,Indie
Empty Anchor 806,Clara West,4.42,Winter Notes,Folk
Gentle Anchor 807,Maya Stone,5.03,Midnight Radio,Jazz
Rising Anchor 808,Ethan Ray,5.65,Hidden Places,Rock
Shining Anchor 809,Violet Storm,6.27,Signal Lost,R&B
Urban Anchor 810,Liam Archer,2.55,Endless Route,Hip-Hop
Golden Night 811,Luna Vale,3.17,Northbound,Pop
Silent Night 812,Daniel Cruz,3.78,After Rain,Electronic
Broken Night 813,Nova Echo,4.4,Lunar Tide,Alternative
Midnight Night 814,Noah Carter,5.02,Quiet Storm,Lo-Fi
Electric Night 815,Mila Harper,5.63,Velvet Noise,Indie
Wild Night 816,Sofia Lane,6.25,Blue Horizon,Folk
Hidden Night 817,Indie Harbor,2.53,Summer Glass,Jazz
Bright Night 818,The Daybreaks,3.15,Paper Trails,Rock
Velvet Night 819,Atlas Bloom,3.77,Crystal Frames,R&B
Crystal Night 820,Olivia Fox,4.38,City Echoes,Hip-Hop
Falling Night 821,Ariana Vale,5.0,First Light,Pop
Burning Night 822,Ruby Moon,5.62,Golden Hour,Electronic
Distant Night 823,Mason Reed,6.23,Neon Days,Alternative
Open Night 824,The North Lights,2.52,Wild Heart,Lo-Fi
Shadow Night 825,The Quiet Sons,3.13,Open Roads,Indie
Rapid Night 826,Clara West,3.75,Winter Notes,Folk
Endless Night 827,Maya Stone,4.37,Midnight Radio,Jazz
Blue Night 828,Ethan Ray,4.98,Hidden Places,Rock
Paper Night 829,Violet Storm,5.6,Signal Lost,R&B
Northern Night 830,Liam Archer,6.22,Endless Route,Hip-Hop
Neon Night 831,Luna Vale,2.5,Northbound,Pop
Lunar Night 832,Daniel Cruz,3.12,After Rain,Electronic
Autumn Night 833,Nova Echo,3.73,Lunar Tide,Alternative
Winter Night 834,Noah Carter,4.35,Quiet Storm,Lo-Fi
Summer Night 835,Mila Harper,4.97,Velvet Noise,Indie
Empty Night 836,Sofia Lane,5.58,Blue Horizon,Folk
Gentle Night 837,Indie Harbor,6.2,Summer Glass,Jazz
Rising Night 838,The Daybreaks,2.48,Paper Trails,Rock
Shining Night 839,Atlas Bloom,3.1,Crystal Frames,R&B
Urban Night 840,Olivia Fox,3.72,City Echoes,Hip-Hop
Golden Story 841,Ariana Vale,4.33,First Light,Pop
Silent Story 842,Ruby Moon,4.95,Golden Hour,Electronic
Broken Story 843,Mason Reed,5.57,Neon Days,Alternative
Midnight Story 844,The North Lights,6.18,Wild Heart,Lo-Fi
Electric Story 845,The Quiet Sons,2.47,Open Roads,Indie
Wild Story 846,Clara West,3.08,Winter Notes,Folk
Hidden Story 847,Maya Stone,3.7,Midnight Radio,Jazz
Bright Story 848,Ethan Ray,4.32,Hidden Places,Rock
Velvet Story 849,Violet Storm,4.93,Signal Lost,R&B
Crystal Story 850,Liam Archer,5.55,Endless Route,Hip-Hop
Falling Story 851,Luna Vale,6.17,Northbound,Pop
Burning Story 852,Daniel Cruz,2.45,After Rain,Electronic
Distant Story 853,Nova Echo,3.07,Lunar Tide,Alternative
Open Story 854,Noah Carter,3.68,Quiet Storm,Lo-Fi
Shadow Story 855,Mila Harper,4.3,Velvet Noise,Indie
Rapid Story 856,Sofia Lane,4.92,Blue Horizon,Folk
Endless Story 857,Indie Harbor,5.53,Summer Glass,Jazz
Blue Story 858,The Daybreaks,6.15,Paper Trails,Rock
Paper Story 859,Atlas Bloom,2.43,Crystal Frames,R&B
Northern Story 860,Olivia Fox,3.05,City Echoes,Hip-Hop
Neon Story 861,Ariana Vale,3.67,First Light,Pop
Lunar Story 862,Ruby Moon,4.28,Golden Hour,Electronic
Autumn Story 863,Mason Reed,4.9,Neon Days,Alternative
Winter Story 864,The North Lights,5.52,Wild Heart,Lo-Fi
Summer Story 865,The Quiet Sons,6.13,Open Roads,Indie
Empty Story 866,Clara West,2.42,Winter Notes,Folk
Gentle Story 867,Maya Stone,3.03,Midnight Radio,Jazz
Rising Story 868,Ethan Ray,3.65,Hidden Places,Rock
Shining Story 869,Violet Storm,4.27,Signal Lost,R&B
Urban Story 870,Liam Archer,4.88,Endless Route,Hip-Hop
Golden Trace 871,Luna Vale,5.5,Northbound,Pop
Silent Trace 872,Daniel Cruz,6.12,After Rain,Electronic
Broken Trace 873,Nova Echo,2.4,Lunar Tide,Alternative
Midnight Trace 874,Noah Carter,3.02,Quiet Storm,Lo-Fi
Electric Trace 875,Mila Harper,3.63,Velvet Noise,Indie
Wild Trace 876,Sofia Lane,4.25,Blue Horizon,Folk
Hidden Trace 877,Indie Harbor,4.87,Summer Glass,Jazz
Bright Trace 878,The Daybreaks,5.48,Paper Trails,Rock
Velvet Trace 879,Atlas Bloom,6.1,Crystal Frames,R&B
Crystal Trace 880,Olivia Fox,2.38,City Echoes,Hip-Hop
Falling Trace 881,Ariana Vale,3.0,First Light,Pop
Burning Trace 882,Ruby Moon,3.62,Golden Hour,Electronic
Distant Trace 883,Mason Reed,4.23,Neon Days,Alternative
Open Trace 884,The North Lights,4.85,Wild Heart,Lo-Fi
Shadow Trace 885,The Quiet Sons,5.47,Open Roads,Indie
Rapid Trace 886,Clara West,6.08,Winter Notes,Folk
Endless Trace 887,Maya Stone,2.37,Midnight Radio,Jazz
Blue Trace 888,Ethan Ray,2.98,Hidden Places,Rock
Paper Trace 889,Violet Storm,3.6,Signal Lost,R&B
Northern Trace 890,Liam Archer,4.22,Endless Route,Hip-Hop
Neon Trace 891,Luna Vale,4.83,Northbound,Pop
Lunar Trace 892,Daniel Cruz,5.45,After Rain,Electronic
Autumn Trace 893,Nova Echo,6.07,Lunar Tide,Alternative
Winter Trace 894,Noah Carter,2.35,Quiet Storm,Lo-Fi
Summer Trace 895,Mila Harper,2.97,Velvet Noise,Indie
Empty Trace 896,Sofia Lane,3.58,Blue Horizon,Folk
Gentle Trace 897,Indie Harbor,4.2,Summer Glass,Jazz
Rising Trace 898,The Daybreaks,4.82,Paper Trails,Rock
Shining Trace 899,Atlas Bloom,5.43,Crystal Frames,R&B
Urban Trace 900,Olivia Fox,6.05,City Echoes,Hip-Hop
Golden Dream 901,Ariana Vale,2.33,First Light,Pop
Silent Dream 902,Ruby Moon,2.95,Golden Hour,Electronic
Broken Dream 903,Mason Reed,3.57,Neon Days,Alternative
Midnight Dream 904,The North Lights,4.18,Wild Heart,Lo-Fi
Electric Dream 905,The Quiet Sons,4.8,Open Roads,Indie
Wild Dream 906,Clara West,5.42,Winter Notes,Folk
Hidden Dream 907,Maya Stone,6.03,Midnight Radio,Jazz
Bright Dream 908,Ethan Ray,2.32,Hidden Places,Rock
Velvet Dream 909,Violet Storm,2.93,Signal Lost,R&B
Crystal Dream 910,Liam Archer,3.55,Endless Route,Hip-Hop
Falling Dream 911,Luna Vale,4.17,Northbound,Pop
Burning Dream 912,Daniel Cruz,4.78,After Rain,Electronic
Distant Dream 913,Nova Echo,5.4,Lunar Tide,Alternative
Open Dream 914,Noah Carter,6.02,Quiet Storm,Lo-Fi
Shadow Dream 915,Mila Harper,2.3,Velvet Noise,Indie
Rapid Dream 916,Sofia Lane,2.92,Blue Horizon,Folk
Endless Dream 917,Indie Harbor,3.53,Summer Glass,Jazz
Blue Dream 918,The Daybreaks,4.15,Paper Trails,Rock
Paper Dream 919,Atlas Bloom,4.77,Crystal Frames,R&B
Northern Dream 920,Olivia Fox,5.38,City Echoes,Hip-Hop
Neon Dream 921,Ariana Vale,6.0,First Light,Pop
Lunar Dream 922,Ruby Moon,2.28,Golden Hour,Electronic
Autumn Dream 923,Mason Reed,2.9,Neon Days,Alternative
Winter Dream 924,The North Lights,3.52,Wild Heart,Lo-Fi
Summer Dream 925,The Quiet Sons,4.13,Open Roads,Indie
Empty Dream 926,Clara West,4.75,Winter Notes,Folk
Gentle Dream 927,Maya Stone,5.37,Midnight Radio,Jazz
Rising Dream 928,Ethan Ray,5.98,Hidden Places,Rock
Shining Dream 929,Violet Storm,2.27,Signal Lost,R&B
Urban Dream 930,Liam Archer,2.88,Endless Route,Hip-Hop
Golden Road 931,Luna Vale,3.5,Northbound,Pop
Silent Road 932,Daniel Cruz,4.12,After Rain,Electronic
Broken Road 933,Nova Echo,4.73,Lunar Tide,Alternative
Midnight Road 934,Noah Carter,5.35,Quiet Storm,Lo-Fi
Electric Road 935,Mila Harper,5.97,Velvet Noise,Indie
Wild Road 936,Sofia Lane,2.25,Blue Horizon,Folk
Hidden Road 937,Indie Harbor,2.87,Summer Glass,Jazz
Bright Road 938,The Daybreaks,3.48,Paper Trails,Rock
Velvet Road 939,Atlas Bloom,4.1,Crystal Frames,R&B
Crystal Road 940,Olivia Fox,4.72,City Echoes,Hip-Hop
Falling Road 941,Ariana Vale,5.33,First Light,Pop
Burning Road 942,Ruby Moon,5.95,Golden Hour,Electronic
Distant Road 943,Mason Reed,2.23,Neon Days,Alternative
Open Road 944,The North Lights,2.85,Wild Heart,Lo-Fi
Shadow Road 945,The Quiet Sons,3.47,Open Roads,Indie
Rapid Road 946,Clara West,4.08,Winter Notes,Folk
Endless Road 947,Maya Stone,4.7,Midnight Radio,Jazz
Blue Road 948,Ethan Ray,5.32,Hidden Places,Rock
Paper Road 949,Violet Storm,5.93,Signal Lost,R&B
Northern Road 950,Liam Archer,2.22,Endless Route,Hip-Hop
Neon Road 951,Luna Vale,2.83,Northbound,Pop
Lunar Road 952,Daniel Cruz,3.45,After Rain,Electronic
Autumn Road 953,Nova Echo,4.07,Lunar Tide,Alternative
Winter Road 954,Noah Carter,4.68,Quiet Storm,Lo-Fi
Summer Road 955,Mila Harper,5.3,Velvet Noise,Indie
Empty Road 956,Sofia Lane,5.92,Blue Horizon,Folk
Gentle Road 957,Indie Harbor,2.2,Summer Glass,Jazz
Rising Road 958,The Daybreaks,2.82,Paper Trails,Rock
Shining Road 959,Atlas Bloom,3.43,Crystal Frames,R&B
Urban Road 960,Olivia Fox,4.05,City Echoes,Hip-Hop
Golden Sky 961,Ariana Vale,4.67,First Light,Pop
Silent Sky 962,Ruby Moon,5.28,Golden Hour,Electronic
Broken Sky 963,Mason Reed,5.9,Neon Days,Alternative
Midnight Sky 964,The North Lights,2.18,Wild Heart,Lo-Fi
Electric Sky 965,The Quiet Sons,2.8,Open Roads,Indie
Wild Sky 966,Clara West,3.42,Winter Notes,Folk
Hidden Sky 967,Maya Stone,4.03,Midnight Radio,Jazz
Bright Sky 968,Ethan Ray,4.65,Hidden Places,Rock
Velvet Sky 969,Violet Storm,5.27,Signal Lost,R&B
Crystal Sky 970,Liam Archer,5.88,Endless Route,Hip-Hop
Falling Sky 971,Luna Vale,2.17,Northbound,Pop
Burning Sky 972,Daniel Cruz,2.78,After Rain,Electronic
Distant Sky 973,Nova Echo,3.4,Lunar Tide,Alternative
Open Sky 974,Noah Carter,4.02,Quiet Storm,Lo-Fi
Shadow Sky 975,Mila Harper,4.63,Velvet Noise,Indie
Rapid Sky 976,Sofia Lane,5.25,Blue Horizon,Folk
Endless Sky 977,Indie Harbor,5.87,Summer Glass,Jazz
Blue Sky 978,The Daybreaks,2.15,Paper Trails,Rock
Paper Sky 979,Atlas Bloom,2.77,Crystal Frames,R&B
Northern Sky 980,Olivia Fox,3.38,City Echoes,Hip-Hop
Neon Sky 981,Ariana Vale,4.0,First Light,Pop
Lunar Sky 982,Ruby Moon,4.62,Golden Hour,Electronic
Autumn Sky 983,Mason Reed,5.23,Neon Days,Alternative
Winter Sky 984,The North Lights,5.85,Wild Heart,Lo-Fi
Summer Sky 985,The Quiet Sons,2.13,Open Roads,Indie
Empty Sky 986,Clara West,2.75,Winter Notes,Folk
Gentle Sky 987,Maya Stone,3.37,Midnight Radio,Jazz
Rising Sky 988,Ethan Ray,3.98,Hidden Places,Rock
Shining Sky 989,Violet Storm,4.6,Signal Lost,R&B
Urban Sky 990,Liam Archer,5.22,Endless Route,Hip-Hop
Golden Heart 991,Luna Vale,5.83,Northbound,Pop
Silent Heart 992,Daniel Cruz,2.12,After Rain,Electronic
Broken Heart 993,Nova Echo,2.73,Lunar Tide,Alternative
Midnight Heart 994,Noah Carter,3.35,Quiet Storm,Lo-Fi
Electric Heart 995,Mila Harper,3.97,Velvet Noise,Indie
